price,area,beds,baths,garage,year,style,lotsize,ac,pool,quality,highway
360000,3032,4,4,2,1972,1,22221,YES,NO,MEDIUM,NO
340000,2058,4,2,2,1976,1,22912,YES,NO,MEDIUM,NO
250000,1780,4,3,2,1980,1,21345,YES,NO,MEDIUM,NO
205500,1638,4,2,2,1963,1,17342,YES,NO,MEDIUM,NO
275500,2196,4,3,2,1968,7,21786,YES,NO,MEDIUM,NO
248000,1966,4,3,5,1972,1,18902,YES,YES,MEDIUM,NO
229900,2216,3,2,2,1972,7,18639,YES,NO,MEDIUM,NO
150000,1597,2,1,1,1955,1,22112,YES,NO,MEDIUM,NO
195000,1622,3,2,2,1975,1,14321,YES,NO,LOW,NO
160000,1976,3,3,1,1918,1,32358,NO,NO,LOW,NO
190000,2812,7,5,2,1966,7,56639,NO,YES,LOW,NO
559000,2791,3,4,3,1992,1,30595,YES,NO,HIGH,NO
535000,3381,5,4,3,1988,7,23172,YES,NO,HIGH,NO
525000,3459,5,4,2,1978,5,35351,YES,NO,HIGH,NO
299900,2090,3,3,2,1987,1,24025,YES,NO,MEDIUM,NO
527000,3232,5,5,2,1984,6,21445,YES,NO,MEDIUM,NO
169900,1502,2,2,2,1956,1,28958,YES,NO,MEDIUM,NO
335250,2747,3,4,2,1993,7,22241,YES,NO,MEDIUM,NO
323900,2890,4,3,2,1954,7,41992,YES,NO,MEDIUM,NO
200000,1825,3,3,2,1957,1,30266,YES,NO,MEDIUM,NO
211000,1578,4,3,2,1986,2,18829,YES,NO,MEDIUM,NO
212000,1763,3,3,2,1959,1,24726,YES,NO,MEDIUM,NO
245000,2517,4,3,2,1965,1,23261,YES,NO,MEDIUM,NO
140400,1872,3,2,2,1985,3,24017,YES,NO,MEDIUM,NO
295000,3266,3,3,2,1908,6,24881,YES,NO,MEDIUM,NO
170900,2020,1,2,1,1956,1,21385,YES,NO,MEDIUM,NO
229000,2164,4,2,2,1965,1,28291,YES,NO,MEDIUM,NO
218500,2080,3,2,2,1959,1,14752,YES,YES,MEDIUM,NO
160000,2208,2,2,2,1985,7,8058,YES,NO,MEDIUM,NO
259000,3048,6,4,3,1960,7,29307,YES,NO,MEDIUM,NO
164500,1460,3,2,2,1978,1,9999,YES,NO,MEDIUM,NO
280000,2540,3,2,2,1940,5,42428,NO,NO,MEDIUM,NO
154000,2208,2,2,2,1985,7,6746,YES,NO,MEDIUM,NO
272000,2560,4,2,3,1977,5,36100,YES,NO,MEDIUM,NO
180000,2061,4,2,2,1958,1,20138,NO,NO,MEDIUM,NO
157500,1980,3,2,2,1957,1,32519,YES,NO,MEDIUM,NO
242500,3308,5,4,2,1928,5,47323,YES,NO,MEDIUM,NO
182000,2616,5,3,2,1955,5,11123,NO,NO,LOW,NO
178000,1460,4,2,2,1961,1,27095,YES,NO,LOW,NO
171900,1580,2,1,1,1951,4,12417,NO,NO,LOW,NO
165500,1460,3,2,2,1960,1,22493,YES,NO,LOW,NO
183500,1540,3,2,2,1992,3,15801,YES,NO,LOW,NO
135000,1388,2,1,2,1951,1,26106,NO,NO,LOW,NO
175000,1624,3,2,2,1948,1,39219,YES,NO,LOW,NO
149500,1580,2,1,2,1966,1,11166,YES,NO,LOW,NO
177500,1820,3,2,2,1960,1,22104,YES,NO,LOW,NO
155000,1733,4,1,1,1936,4,22398,YES,NO,LOW,NO
145000,1896,3,2,2,1925,6,32753,NO,NO,LOW,NO
178000,2038,2,2,2,1918,7,47884,NO,NO,LOW,NO
156000,1436,3,2,3,1920,1,43594,NO,NO,LOW,NO
159000,1690,3,2,1,1922,5,28518,NO,NO,LOW,NO
160000,1496,2,2,1,1900,5,43335,NO,NO,LOW,NO
112000,1668,2,1,1,1948,1,19612,NO,NO,LOW,NO
84000,980,1,1,1,1951,1,17686,NO,NO,LOW,NO
155000,2562,3,2,2,1885,7,40800,NO,NO,LOW,NO
360000,2304,5,4,3,1978,1,70240,YES,NO,MEDIUM,NO
104000,1268,2,1,1,1947,1,21067,NO,NO,LOW,NO
420000,2283,3,3,3,1997,1,18524,YES,NO,HIGH,YES
355000,2060,2,3,2,1997,1,38623,YES,NO,MEDIUM,YES
165000,2087,2,2,2,1966,1,24764,YES,NO,MEDIUM,YES
244000,2081,4,2,2,1980,3,24993,YES,NO,MEDIUM,YES
179900,1696,3,3,2,1978,2,22294,YES,NO,MEDIUM,YES
253000,2222,4,2,2,1955,1,71527,NO,NO,MEDIUM,YES
200000,2110,5,3,2,1957,1,15332,YES,NO,MEDIUM,YES
200000,1774,4,2,2,1963,1,15528,NO,NO,LOW,YES
147700,1592,3,2,2,1957,1,11221,YES,NO,LOW,YES
188700,1748,3,2,2,1972,1,23939,YES,NO,LOW,YES
177000,1985,3,1,2,1948,1,69975,NO,NO,LOW,YES
585000,2558,2,4,3,1984,3,24601,YES,YES,HIGH,NO
549900,4000,6,5,3,1979,10,23595,YES,YES,HIGH,NO
675000,3942,4,3,2,1990,7,18920,YES,NO,HIGH,NO
830000,3889,4,4,3,1991,7,28378,YES,NO,HIGH,NO
920000,3857,4,5,3,1997,1,32793,YES,NO,HIGH,NO
855000,4756,4,4,3,1990,7,22215,YES,NO,HIGH,NO
585500,3302,4,3,3,1982,7,26463,YES,NO,HIGH,NO
399000,2629,3,3,2,1989,9,24778,YES,NO,HIGH,NO
790000,4418,5,5,3,1997,7,22024,YES,NO,HIGH,NO
665000,4746,4,4,3,1996,7,23368,YES,NO,HIGH,NO
725000,3242,3,3,3,1989,1,27173,YES,NO,HIGH,NO
647000,2464,3,3,3,1992,1,31703,YES,NO,HIGH,NO
780000,4419,4,5,7,1987,1,56127,YES,NO,HIGH,NO
657500,3877,3,3,3,1992,7,24639,YES,NO,HIGH,NO
578000,3808,5,4,3,1982,7,23324,YES,NO,HIGH,NO
500000,3376,5,4,2,1947,7,18452,YES,NO,HIGH,NO
484530,2940,3,3,3,1979,7,20639,YES,YES,HIGH,NO
609000,2654,5,3,3,1997,1,12821,YES,NO,HIGH,NO
635000,2672,4,3,3,1995,1,28049,YES,NO,HIGH,NO
519000,3386,4,4,3,1994,7,24008,YES,NO,HIGH,NO
625100,3648,4,4,3,1992,7,26604,YES,NO,HIGH,NO
585444,3455,4,5,3,1995,7,22468,YES,NO,HIGH,NO
399900,3321,3,4,3,1971,7,15012,YES,YES,HIGH,NO
389900,2817,4,3,3,1996,7,31214,YES,NO,HIGH,NO
649000,3210,3,5,3,1995,1,30033,YES,NO,HIGH,NO
535000,3588,4,5,3,1987,7,22530,YES,NO,HIGH,NO
640000,2705,3,3,3,1994,1,22196,YES,NO,HIGH,NO
600000,2344,4,3,2,1925,1,86004,YES,NO,HIGH,NO
582500,4264,5,4,4,1995,7,24983,YES,NO,HIGH,NO
545000,2615,3,3,3,1996,1,21722,YES,NO,HIGH,NO
480000,3608,6,4,3,1981,7,25219,YES,NO,HIGH,NO
595000,2479,4,4,3,1989,1,29805,YES,NO,HIGH,NO
610000,3251,3,4,3,1985,1,25570,YES,YES,HIGH,NO
570000,2547,2,3,3,1996,1,21789,YES,NO,HIGH,NO
479000,5032,7,3,3,1989,7,22000,YES,NO,HIGH,NO
545000,4973,6,6,3,1987,7,56139,YES,YES,HIGH,NO
335000,2582,4,3,2,1966,2,23256,YES,NO,HIGH,NO
629000,3139,6,4,2,1977,1,21810,YES,YES,HIGH,NO
505500,3516,4,4,3,1979,7,19867,YES,NO,HIGH,NO
528750,2129,0,0,3,1992,1,37414,YES,NO,HIGH,NO
370000,2936,4,4,3,1987,7,16437,YES,NO,HIGH,NO
529000,3351,5,4,3,1994,7,24216,YES,NO,HIGH,NO
490000,3136,4,4,3,1989,7,27158,YES,NO,HIGH,NO
535000,3525,4,5,3,1996,7,27501,YES,NO,HIGH,NO
612000,3917,6,5,3,1995,7,37972,YES,NO,HIGH,NO
442500,2702,4,3,3,1991,1,39643,YES,NO,HIGH,NO
500000,3644,3,4,3,1984,7,21895,YES,NO,HIGH,NO
539000,3072,4,4,3,1992,1,25158,YES,NO,HIGH,NO
545500,3233,4,4,3,1991,7,22961,YES,NO,HIGH,NO
424000,2918,4,4,3,1988,7,22003,YES,NO,HIGH,NO
325000,3266,4,3,3,1985,7,16640,YES,NO,HIGH,NO
367000,2940,4,7,2,1988,7,22003,YES,NO,HIGH,NO
470000,3430,3,4,2,1966,7,25018,YES,YES,HIGH,NO
393000,2472,4,4,3,1987,1,21784,YES,NO,HIGH,NO
530000,2878,4,4,3,1992,1,68351,YES,NO,HIGH,NO
400000,2537,3,3,2,1993,1,11053,YES,NO,HIGH,NO
403500,3858,4,4,3,1987,7,22224,YES,NO,HIGH,NO
550000,2742,3,3,3,1991,1,22306,YES,NO,HIGH,NO
380000,3460,5,4,2,1972,1,18571,YES,NO,HIGH,NO
500000,3836,5,4,3,1982,5,48465,YES,NO,HIGH,NO
465000,4453,7,5,2,1974,7,15595,YES,NO,HIGH,NO
451500,4080,5,4,3,1983,7,22134,YES,NO,HIGH,NO
336000,3301,3,4,2,1977,3,18741,YES,NO,HIGH,NO
550000,3828,4,5,2,1975,1,17051,YES,YES,HIGH,NO
450000,2973,4,3,2,1980,7,21999,YES,NO,MEDIUM,NO
440000,2821,5,4,2,1962,1,32914,YES,YES,MEDIUM,NO
515000,2950,5,3,2,1969,1,21598,YES,NO,MEDIUM,NO
415000,2362,3,3,2,1977,3,21604,YES,NO,MEDIUM,NO
380000,3092,3,4,2,1978,3,20081,YES,NO,MEDIUM,NO
489500,2866,4,4,2,1982,7,22424,NO,NO,MEDIUM,NO
478000,3369,5,4,3,1981,7,21161,YES,NO,MEDIUM,NO
460000,3068,4,4,3,1988,7,18289,YES,NO,MEDIUM,NO
379900,2380,3,3,3,1998,1,21999,YES,NO,MEDIUM,NO
390000,2225,2,3,3,1997,1,38722,YES,NO,MEDIUM,NO
338000,2655,3,3,2,1948,1,21960,YES,NO,MEDIUM,NO
675000,3855,4,4,3,1996,7,35845,YES,NO,MEDIUM,NO
440000,2892,4,4,2,1977,6,35839,YES,NO,MEDIUM,NO
500000,3832,4,3,2,1952,1,28722,YES,NO,MEDIUM,NO
470000,3164,6,4,2,1982,7,20505,YES,NO,MEDIUM,NO
317500,2620,3,2,3,1925,7,12266,YES,NO,MEDIUM,NO
430000,3076,6,4,3,1984,7,26648,YES,NO,MEDIUM,NO
430000,4022,6,4,3,1986,7,18429,YES,NO,MEDIUM,NO
475000,3377,4,3,3,1997,7,22495,YES,NO,MEDIUM,NO
389000,2858,5,4,1,1989,7,23981,YES,NO,MEDIUM,NO
400000,3540,4,4,3,1980,7,18012,YES,YES,MEDIUM,NO
395000,3045,4,3,1,1991,7,34356,YES,NO,MEDIUM,NO
395000,4150,4,3,3,1934,7,21778,NO,NO,MEDIUM,NO
296000,1778,2,2,2,1991,7,24022,YES,NO,MEDIUM,NO
387500,2412,2,3,3,1986,3,22676,YES,NO,MEDIUM,NO
353000,2668,4,3,2,1978,2,18384,YES,NO,MEDIUM,NO
350000,2274,4,3,3,1986,1,22049,YES,NO,MEDIUM,NO
437632,2936,4,3,3,1980,5,22844,YES,NO,MEDIUM,NO
447500,2526,2,2,0,1996,1,28248,YES,NO,MEDIUM,NO
318500,2449,4,4,2,1985,3,22075,YES,NO,MEDIUM,NO
352000,3131,4,4,2,1988,7,15209,YES,NO,MEDIUM,NO
295000,2536,3,3,3,1987,7,39427,YES,NO,MEDIUM,NO
313500,3314,2,3,3,1984,7,24339,YES,NO,MEDIUM,NO
330000,2230,3,2,2,1986,1,24798,YES,NO,MEDIUM,NO
400000,2631,4,4,2,1985,7,44885,NO,NO,MEDIUM,NO
325000,2638,4,3,2,1978,3,25747,YES,NO,MEDIUM,NO
340000,2756,4,3,2,1973,7,22546,YES,YES,MEDIUM,NO
399900,3262,5,4,2,1978,7,25541,YES,NO,MEDIUM,NO
249900,1936,4,4,3,1987,3,12850,YES,NO,MEDIUM,NO
389000,3148,4,4,3,1969,7,16587,YES,YES,MEDIUM,NO
364500,2616,3,4,2,1977,7,32655,YES,NO,MEDIUM,NO
357500,3630,4,3,2,1969,7,23283,YES,NO,MEDIUM,NO
295000,1954,3,3,3,1962,3,19300,YES,YES,MEDIUM,NO
274500,1926,5,3,2,1986,7,26418,YES,NO,MEDIUM,NO
259000,2556,3,2,2,1957,1,80886,YES,NO,MEDIUM,NO
415000,2282,5,4,2,1987,3,23003,YES,NO,MEDIUM,NO
443000,3314,3,4,3,1986,7,22012,YES,NO,MEDIUM,NO
249000,2001,3,3,2,1981,3,23812,YES,NO,MEDIUM,NO
330000,2607,5,2,2,1976,3,23139,YES,NO,MEDIUM,NO
291000,2840,4,4,2,1965,7,23079,YES,NO,MEDIUM,NO
418000,3036,3,5,2,1977,7,33746,NO,NO,MEDIUM,NO
320000,2240,4,2,3,1974,3,18682,YES,NO,MEDIUM,NO
264000,1788,3,3,2,1969,1,18484,NO,NO,MEDIUM,NO
381000,2620,5,4,2,1965,7,28093,YES,NO,MEDIUM,NO
250000,1480,3,3,2,1984,3,14230,YES,NO,MEDIUM,NO
360000,2588,3,3,2,1968,2,19004,YES,YES,MEDIUM,NO
369500,3138,4,4,2,1969,7,18190,YES,NO,MEDIUM,NO
285400,2460,5,4,2,1979,7,27492,YES,NO,MEDIUM,NO
409000,3566,4,4,2,1976,7,18044,YES,NO,MEDIUM,NO
333000,2692,5,4,3,1984,7,22020,YES,NO,MEDIUM,NO
362000,2958,5,4,3,1987,7,45200,YES,NO,MEDIUM,NO
387500,3164,4,4,2,1966,7,23856,YES,YES,MEDIUM,NO
239000,2058,3,3,2,1969,2,21046,YES,NO,MEDIUM,NO
299900,2717,3,4,2,1983,7,22083,YES,NO,MEDIUM,NO
335000,2920,4,3,3,1987,7,22434,YES,NO,MEDIUM,NO
275000,2554,5,3,2,1960,7,21820,YES,NO,MEDIUM,NO
328000,2805,3,4,2,1988,7,22582,YES,NO,MEDIUM,NO
333000,2736,4,3,2,1979,7,29591,YES,YES,MEDIUM,NO
397000,3516,5,7,3,1996,7,34795,YES,NO,MEDIUM,NO
374800,3536,6,4,2,1978,7,19997,YES,YES,MEDIUM,NO
520000,2138,5,3,3,1956,1,86830,YES,NO,MEDIUM,NO
325000,2718,4,4,3,1978,6,22842,YES,NO,MEDIUM,NO
295000,2178,5,3,2,1958,1,25891,YES,NO,MEDIUM,NO
415000,3152,5,4,2,1980,6,24446,YES,NO,MEDIUM,NO
224900,2611,3,3,2,1987,7,6924,YES,NO,MEDIUM,NO
265000,2060,4,3,2,1981,2,13091,YES,NO,MEDIUM,NO
299900,2448,4,4,3,1979,7,26790,YES,NO,MEDIUM,NO
390000,4050,6,5,2,1966,7,18262,YES,YES,MEDIUM,NO
271000,2414,3,3,2,1914,7,24357,YES,NO,MEDIUM,NO
330000,3072,4,3,2,1966,7,16431,YES,NO,MEDIUM,NO
350000,2525,3,3,3,1983,4,27138,YES,NO,MEDIUM,NO
310000,2866,5,3,3,1961,7,25249,YES,NO,MEDIUM,NO
340000,3246,4,4,3,1987,7,52218,YES,NO,MEDIUM,NO
307000,2707,4,4,2,1992,7,22094,YES,NO,MEDIUM,NO
304000,2300,5,3,2,1961,3,35824,YES,NO,MEDIUM,NO
275900,1860,3,3,2,1957,1,40741,YES,NO,MEDIUM,NO
315000,3636,5,3,2,1976,7,19776,YES,NO,MEDIUM,NO
295000,1910,4,3,2,1968,1,30996,YES,NO,MEDIUM,NO
251010,2280,4,2,2,1956,1,25543,YES,NO,MEDIUM,NO
335000,3386,4,5,2,1965,7,38428,NO,NO,MEDIUM,NO
343500,2324,5,4,3,1967,3,22435,YES,NO,MEDIUM,NO
297000,1970,4,3,2,1972,3,25814,YES,NO,MEDIUM,NO
281000,2062,3,3,2,1977,2,23608,YES,YES,MEDIUM,NO
235000,2617,4,3,2,1985,7,8903,YES,NO,MEDIUM,NO
237000,2612,4,3,2,1985,7,10144,YES,NO,MEDIUM,NO
274900,2472,3,3,2,1969,7,22451,YES,NO,MEDIUM,NO
229900,1922,4,2,2,1957,1,15791,YES,NO,MEDIUM,NO
259000,1852,3,2,2,1984,3,22204,YES,NO,MEDIUM,NO
245000,2239,3,3,2,1986,3,22216,YES,NO,MEDIUM,NO
208000,2068,3,2,2,1979,1,34773,YES,NO,MEDIUM,NO
421000,2101,3,3,2,1956,1,65499,NO,NO,MEDIUM,NO
320000,2200,4,3,2,1968,1,31450,YES,NO,MEDIUM,NO
256000,1972,3,3,2,1989,3,32027,NO,NO,MEDIUM,NO
275000,2007,3,3,2,1959,3,21311,YES,YES,MEDIUM,NO
222000,2612,4,3,2,1985,7,8229,YES,NO,MEDIUM,NO
249900,2124,4,1,3,1974,2,21834,YES,NO,MEDIUM,NO
273500,2612,4,3,2,1985,7,8924,YES,NO,MEDIUM,NO
218500,2548,2,2,2,1984,3,10210,YES,NO,MEDIUM,NO
377000,2767,3,3,3,1941,4,75232,YES,NO,MEDIUM,NO
220000,2025,3,3,2,1989,3,19618,YES,NO,MEDIUM,NO
192900,1956,4,2,2,1962,2,21779,YES,NO,MEDIUM,NO
298750,2460,4,3,2,1967,3,23907,YES,NO,MEDIUM,NO
315000,2764,3,3,3,1972,7,23947,YES,NO,MEDIUM,NO
315000,2004,4,3,2,1967,3,24453,YES,NO,MEDIUM,NO
465900,2852,4,3,2,1961,7,34040,YES,YES,MEDIUM,NO
239500,2096,3,3,2,1977,1,15237,YES,NO,MEDIUM,NO
276000,2330,3,3,2,1989,7,17433,YES,NO,MEDIUM,NO
226000,2520,4,3,2,1978,7,12145,YES,NO,MEDIUM,NO
235000,2528,3,3,2,1977,3,26469,YES,NO,MEDIUM,NO
247000,2030,4,3,3,1988,3,23202,YES,NO,MEDIUM,NO
182000,2208,2,2,2,1985,7,6734,YES,NO,MEDIUM,NO
180000,1500,2,1,0,1938,3,39776,YES,NO,MEDIUM,NO
249000,2078,5,3,2,1965,1,21512,YES,NO,MEDIUM,NO
260000,2442,4,3,2,1969,2,21149,YES,NO,MEDIUM,NO
219900,2612,3,3,2,1986,7,11288,YES,NO,MEDIUM,NO
295000,2268,4,3,3,1972,2,23976,YES,NO,MEDIUM,NO
290000,2734,4,3,2,1971,7,23488,YES,NO,MEDIUM,NO
300000,2228,4,3,2,1982,3,21232,YES,NO,MEDIUM,NO
354900,3000,5,4,3,1973,7,21643,YES,NO,MEDIUM,NO
261000,2404,5,3,3,1973,2,17791,YES,YES,MEDIUM,NO
174500,1840,3,2,2,1960,1,16356,YES,NO,MEDIUM,NO
244900,2107,3,2,2,1947,6,30050,NO,NO,MEDIUM,NO
274900,2788,4,3,2,1984,7,18960,YES,NO,MEDIUM,NO
214000,2416,3,3,2,1984,3,15594,YES,NO,MEDIUM,NO
283000,2430,3,4,3,1984,6,18164,YES,NO,MEDIUM,NO
177900,1584,3,2,2,1989,2,13947,YES,NO,MEDIUM,NO
237500,1873,3,3,2,1978,3,21998,YES,NO,MEDIUM,NO
202150,1644,4,3,2,1976,2,19499,YES,NO,MEDIUM,NO
235000,2400,4,3,2,1976,7,44347,YES,NO,MEDIUM,NO
217000,2094,4,3,2,1984,3,18617,YES,NO,MEDIUM,NO
285000,2561,3,3,3,1981,7,18985,YES,NO,MEDIUM,NO
217500,1752,3,2,2,1976,2,24053,YES,NO,MEDIUM,NO
210000,1738,5,3,2,1983,3,15206,YES,NO,MEDIUM,NO
183340,2068,3,2,3,1977,1,24325,YES,NO,MEDIUM,NO
252000,2428,4,3,2,1966,7,22727,YES,NO,MEDIUM,NO
237000,2090,4,2,2,1969,1,22055,YES,NO,MEDIUM,NO
205000,1820,3,2,2,1944,2,28023,YES,NO,MEDIUM,NO
285000,3219,4,4,2,1944,6,28200,YES,NO,MEDIUM,NO
210000,2654,3,5,2,1962,1,28882,YES,NO,MEDIUM,NO
280000,1802,4,3,2,1956,1,27700,YES,NO,MEDIUM,NO
207000,1765,3,2,2,1976,2,22983,YES,NO,MEDIUM,NO
221000,2786,4,3,2,1976,7,22875,YES,NO,MEDIUM,NO
257000,1794,3,2,2,1960,3,21691,YES,NO,MEDIUM,NO
274000,2768,3,3,2,1921,7,26268,NO,NO,MEDIUM,NO
262000,2288,3,2,2,1963,3,16975,YES,NO,MEDIUM,NO
204400,2028,3,2,2,1951,1,26777,YES,NO,MEDIUM,NO
254900,2620,5,3,2,1966,7,27989,YES,NO,MEDIUM,NO
244000,1644,3,3,2,1980,2,32164,YES,NO,MEDIUM,NO
213000,1888,3,2,3,1958,1,14757,YES,NO,MEDIUM,NO
240000,2116,4,3,2,1964,7,22041,YES,NO,MEDIUM,NO
235000,2313,4,3,2,1972,7,24705,YES,NO,MEDIUM,NO
206000,1824,4,2,2,1959,1,14748,YES,NO,MEDIUM,NO
237000,1942,4,3,2,1972,2,23105,YES,NO,MEDIUM,NO
274000,2184,4,3,2,1977,3,19090,YES,NO,MEDIUM,NO
275000,2578,3,3,2,1965,7,22299,YES,NO,MEDIUM,NO
218400,2036,4,3,2,1960,7,21996,YES,NO,MEDIUM,NO
156000,1384,2,1,2,1961,1,26706,NO,NO,MEDIUM,NO
220000,1826,4,3,2,1952,1,19870,YES,NO,MEDIUM,NO
171500,1681,3,2,1,1957,1,15985,YES,NO,MEDIUM,NO
180000,1726,3,2,2,1962,1,26769,YES,NO,MEDIUM,NO
204000,1910,3,2,2,1958,3,15423,YES,NO,MEDIUM,NO
307000,2664,4,3,2,1962,7,22684,YES,NO,MEDIUM,NO
265000,2116,3,3,2,1976,2,33344,YES,NO,MEDIUM,NO
209900,2030,3,3,2,1959,1,21914,YES,NO,MEDIUM,NO
173000,1940,3,2,2,1956,3,11610,NO,NO,MEDIUM,NO
189000,1676,3,3,2,1965,3,21780,NO,NO,MEDIUM,NO
222500,2120,3,2,2,1959,1,17883,YES,YES,MEDIUM,NO
265000,2152,4,3,2,1987,1,26075,YES,NO,MEDIUM,NO
264670,1984,4,3,2,1966,1,31204,YES,NO,MEDIUM,NO
200750,1575,3,3,2,1957,1,25543,YES,NO,MEDIUM,NO
227900,1798,3,3,2,1978,2,17820,YES,NO,MEDIUM,NO
255000,2017,3,1,1,1958,3,86571,NO,NO,MEDIUM,NO
208500,1904,3,3,2,1978,2,15559,YES,NO,MEDIUM,NO
226900,1718,3,3,2,1976,2,49613,YES,NO,MEDIUM,NO
215000,1776,4,2,1,1980,2,22839,NO,NO,MEDIUM,NO
222950,2609,4,3,2,1961,1,26087,YES,NO,MEDIUM,NO
239900,2226,3,3,2,1955,2,13520,YES,NO,MEDIUM,NO
176000,1556,2,1,3,1959,3,15623,YES,NO,MEDIUM,NO
228000,1764,2,2,2,1985,3,8105,YES,NO,MEDIUM,NO
204900,1626,3,3,2,1968,2,15288,YES,YES,MEDIUM,NO
258000,2012,5,3,2,1967,2,21303,YES,NO,MEDIUM,NO
241850,2090,4,4,2,1963,7,22010,YES,NO,MEDIUM,NO
198500,2192,4,2,2,1963,2,22851,YES,NO,MEDIUM,NO
243000,2228,4,4,2,1965,7,21881,YES,NO,MEDIUM,NO
187000,1825,4,2,2,1963,2,15810,YES,NO,MEDIUM,NO
233000,2132,4,3,2,1966,2,17159,YES,NO,MEDIUM,NO
205000,2160,3,2,2,1983,7,16555,YES,NO,MEDIUM,NO
205000,1974,3,2,2,1954,1,26196,YES,NO,MEDIUM,NO
189000,1696,3,3,2,1968,1,31851,YES,NO,MEDIUM,NO
204900,2132,3,3,2,1969,7,23986,YES,NO,MEDIUM,NO
239000,1814,4,3,2,1979,2,24698,YES,YES,MEDIUM,NO
193000,1796,3,2,2,1963,2,29281,YES,NO,MEDIUM,NO
260000,2268,5,3,2,1971,3,35240,YES,NO,MEDIUM,NO
188000,1719,2,3,2,1960,1,22009,YES,NO,MEDIUM,NO
190500,1704,3,2,2,1984,3,22583,YES,NO,MEDIUM,NO
230000,2142,3,2,2,1959,1,22223,YES,NO,MEDIUM,NO
240000,1705,4,2,2,1972,1,42322,YES,NO,MEDIUM,NO
235000,1752,4,3,2,1978,2,39267,YES,NO,MEDIUM,NO
275000,2554,5,3,2,1966,7,22381,YES,YES,MEDIUM,NO
205000,1650,3,2,2,1965,3,27235,YES,NO,MEDIUM,NO
280000,2816,5,3,2,1946,5,29109,YES,NO,MEDIUM,NO
190000,1919,3,4,2,1938,7,20093,YES,NO,MEDIUM,NO
232500,2080,3,2,2,1968,1,32021,YES,NO,MEDIUM,NO
259500,2108,4,4,2,1978,7,24685,YES,NO,MEDIUM,NO
275000,2480,3,3,2,1964,1,22144,YES,NO,MEDIUM,NO
183900,1746,3,2,2,1974,2,52136,YES,NO,MEDIUM,NO
290000,2703,3,3,4,1963,1,43599,NO,NO,MEDIUM,NO
217950,1640,4,2,2,1979,3,21314,YES,NO,MEDIUM,NO
220000,2196,4,3,2,1972,7,17899,YES,NO,MEDIUM,NO
185000,1701,3,2,1,1982,2,21938,YES,NO,MEDIUM,NO
288000,2250,3,2,2,1949,4,23684,YES,NO,MEDIUM,NO
197500,2502,4,2,2,1964,6,23749,YES,NO,MEDIUM,NO
179975,1762,4,3,2,1959,1,15742,YES,NO,MEDIUM,NO
195000,2016,4,3,2,1963,2,18102,YES,NO,MEDIUM,NO
228400,1904,3,3,2,1976,2,14945,YES,YES,MEDIUM,NO
194750,1652,5,2,2,1960,1,24644,YES,NO,MEDIUM,NO
195000,2042,4,3,2,1963,2,21849,NO,NO,MEDIUM,NO
210000,2019,4,3,3,1960,2,14837,YES,NO,MEDIUM,NO
239550,2791,5,3,3,1946,4,22863,YES,NO,MEDIUM,NO
242000,2514,4,3,1,1953,5,17535,YES,NO,MEDIUM,NO
185000,1746,3,2,2,1984,3,12386,YES,NO,MEDIUM,NO
175000,1930,3,2,2,1956,2,15923,YES,NO,MEDIUM,NO
165000,1552,3,1,3,1959,3,27068,YES,NO,MEDIUM,NO
185000,1566,4,2,2,1993,2,13504,YES,NO,MEDIUM,NO
173194,1669,3,2,2,1964,2,24643,YES,NO,MEDIUM,NO
205150,1814,3,3,2,1978,2,18714,YES,NO,MEDIUM,NO
214200,1794,3,3,3,1976,2,24308,YES,NO,MEDIUM,NO
182500,1691,3,2,2,1968,2,21961,YES,YES,MEDIUM,NO
205000,1834,4,3,2,1959,1,30726,YES,NO,MEDIUM,NO
208000,1984,5,3,2,1961,1,22047,YES,NO,MEDIUM,NO
225000,1966,4,3,2,1962,1,24871,YES,NO,MEDIUM,NO
170000,1669,3,2,2,1967,2,21253,YES,NO,MEDIUM,NO
216000,2132,4,3,2,1976,1,41332,YES,NO,MEDIUM,NO
180000,2007,4,3,2,1959,3,15992,YES,NO,MEDIUM,NO
169200,1964,4,2,2,1964,7,18162,YES,NO,MEDIUM,NO
213000,2325,4,3,3,1973,3,16699,YES,NO,MEDIUM,NO
210000,2196,4,3,2,1965,7,29329,YES,NO,MEDIUM,NO
185000,2061,3,2,2,1956,2,25379,YES,NO,MEDIUM,NO
179900,1828,3,2,2,1956,3,37150,YES,NO,MEDIUM,NO
196000,1956,4,3,2,1968,1,20486,YES,NO,MEDIUM,NO
219900,1852,6,3,2,1968,2,20800,YES,NO,MEDIUM,NO
159900,1795,1,2,2,1980,11,26467,YES,NO,MEDIUM,NO
170000,1580,2,1,1,1950,5,10799,NO,NO,LOW,NO
169900,1708,3,1,1,1950,1,11413,NO,NO,LOW,NO
189500,1700,4,2,2,1953,1,14023,NO,NO,LOW,NO
195000,1742,1,1,2,1961,1,18250,YES,NO,LOW,NO
215000,1890,4,2,2,1961,1,22110,YES,NO,LOW,NO
171000,1512,2,1,1,1956,1,14774,NO,NO,LOW,NO
179900,1840,3,1,2,1953,1,40832,NO,NO,LOW,NO
120000,1060,2,1,2,1947,1,15001,NO,NO,LOW,NO
175000,1540,3,2,2,1957,1,45458,NO,NO,LOW,NO
232900,1550,4,2,2,1962,2,14998,YES,YES,LOW,NO
229900,2787,4,2,1,1922,5,39558,YES,NO,LOW,NO
174900,1528,2,2,2,1982,1,25193,YES,NO,LOW,NO
168900,1928,2,2,2,1941,5,26393,NO,NO,LOW,NO
229500,2329,3,2,2,1960,7,28179,YES,NO,LOW,NO
236000,1940,4,3,2,1959,1,15073,YES,NO,LOW,NO
205500,2114,5,2,2,1966,7,14526,YES,NO,LOW,NO
212000,1799,3,2,2,1962,2,16210,YES,NO,LOW,NO
205000,1864,3,2,2,1940,1,25628,YES,NO,LOW,NO
193000,1581,3,2,2,1956,1,15064,YES,NO,LOW,NO
180000,1652,3,2,2,1959,3,21875,YES,NO,LOW,NO
184000,1592,4,2,2,1977,1,25943,NO,NO,LOW,NO
144900,1520,3,1,1,1953,4,36359,NO,NO,LOW,NO
255000,1792,2,2,2,1955,1,31257,YES,NO,LOW,NO
137000,1464,2,1,1,1957,1,14999,NO,NO,LOW,NO
178000,1702,3,2,2,1961,1,21898,NO,NO,LOW,NO
296000,2180,3,2,2,1952,1,29617,YES,NO,LOW,NO
186500,1486,2,2,2,1958,1,18479,YES,NO,LOW,NO
170000,1364,2,1,2,1942,1,26369,NO,NO,LOW,NO
219000,1540,4,2,2,1977,2,30691,YES,NO,LOW,NO
188000,1608,4,2,2,1969,2,19380,YES,NO,LOW,NO
195250,1668,3,1,2,1956,3,17060,YES,NO,LOW,NO
175000,1944,3,2,2,1951,1,43562,YES,NO,LOW,NO
215000,1883,4,2,2,1956,1,19932,YES,YES,LOW,NO
197500,2215,4,1,2,1948,6,25540,NO,NO,LOW,NO
249900,1916,2,2,2,1954,1,20576,YES,NO,LOW,NO
180000,1508,2,2,2,1959,1,32469,YES,NO,LOW,NO
174900,1809,3,1,2,1958,2,16782,YES,NO,LOW,NO
189900,1958,4,3,2,1935,5,22788,NO,NO,LOW,NO
154000,1592,2,1,2,1951,1,10332,YES,NO,LOW,NO
150000,1636,2,1,2,1950,1,10000,YES,NO,LOW,NO
189900,1800,3,2,2,1964,2,13566,NO,NO,LOW,NO
157000,1600,3,1,2,1950,5,10807,NO,NO,LOW,NO
182000,1550,3,1,2,1966,1,15100,YES,NO,LOW,NO
187650,1578,3,1,2,1958,1,14631,YES,NO,LOW,NO
175000,1644,3,1,2,1956,1,12999,YES,NO,LOW,NO
189900,1556,3,2,1,1959,3,19840,YES,NO,LOW,NO
175000,1672,3,1,2,1949,1,22617,YES,NO,LOW,NO
159900,1650,2,2,1,1957,1,14997,YES,NO,LOW,NO
184900,1676,3,2,2,1956,1,16156,NO,NO,LOW,NO
174900,1960,2,2,2,1947,1,16953,NO,NO,LOW,NO
143000,1649,3,1,1,1951,5,20096,YES,NO,LOW,NO
164900,1728,3,1,1,1950,4,10999,YES,NO,LOW,NO
173500,1586,3,2,1,1958,1,15862,YES,NO,LOW,NO
161800,1592,2,1,1,1951,1,18686,NO,NO,LOW,NO
148000,1514,2,2,1,1964,1,16209,YES,NO,LOW,NO
177000,1952,4,2,2,1963,1,24377,YES,NO,LOW,NO
149900,1550,3,1,2,1956,1,14311,YES,NO,LOW,NO
170000,1544,2,2,1,1957,1,14942,NO,NO,LOW,NO
142000,1566,3,1,1,1959,1,15228,NO,NO,LOW,NO
186900,1650,3,2,2,1961,1,22000,YES,NO,LOW,NO
152900,1392,2,2,2,1951,1,29199,NO,NO,LOW,NO
350000,2981,5,4,2,1950,6,49756,YES,NO,LOW,NO
130000,1412,2,1,1,1940,1,16752,NO,NO,LOW,NO
167900,2180,4,2,2,1948,3,15001,NO,NO,LOW,NO
184900,1704,2,2,2,1954,1,16759,YES,NO,LOW,NO
178000,1600,3,2,2,1957,3,15090,YES,NO,LOW,NO
111000,1276,3,2,1,1951,1,11554,NO,NO,LOW,NO
207000,1666,4,2,1,1954,1,39523,NO,NO,LOW,NO
190000,1760,3,2,2,1974,2,20193,YES,NO,LOW,NO
230000,1836,3,2,2,1946,1,46339,NO,NO,LOW,NO
165000,1636,3,1,2,1953,1,20125,NO,NO,LOW,NO
210000,1748,3,2,2,1957,1,14512,YES,NO,LOW,NO
226000,2556,4,2,2,1923,6,36276,NO,NO,LOW,NO
149900,1511,4,1,1,1954,1,14821,YES,NO,LOW,NO
155000,1524,3,2,2,1958,1,21875,YES,NO,LOW,NO
219900,1821,4,2,2,1956,1,16696,YES,NO,LOW,NO
132000,1596,1,1,0,1940,1,28357,NO,NO,LOW,NO
195000,2392,4,2,2,1960,1,30265,NO,NO,LOW,NO
155900,1748,2,1,2,1956,1,16231,YES,NO,LOW,NO
119900,1384,2,1,0,1949,1,30002,NO,NO,LOW,NO
175000,1628,3,1,2,1957,1,17069,YES,YES,LOW,NO
304000,1911,4,2,2,1953,1,86248,YES,NO,LOW,NO
190000,1624,4,3,1,1959,3,15002,NO,NO,LOW,NO
229100,1956,3,2,2,1984,6,14710,YES,YES,LOW,NO
187500,2012,4,2,2,1953,5,14925,NO,NO,LOW,NO
173000,1590,2,2,2,1956,1,22336,YES,NO,LOW,NO
170000,1687,2,1,1,1941,4,20925,YES,NO,LOW,NO
179000,1816,4,1,2,1956,3,16508,YES,NO,LOW,NO
162500,1622,3,1,1,1956,3,16120,YES,NO,LOW,NO
172000,1604,4,2,2,1954,1,14964,YES,NO,LOW,NO
153200,1592,4,2,1,1956,1,16396,NO,NO,LOW,NO
220000,1922,3,2,2,1952,1,33579,YES,NO,LOW,NO
174000,1892,3,1,1,1955,3,14712,YES,NO,LOW,NO
200000,1628,3,1,2,1959,1,15412,YES,NO,LOW,NO
161000,1644,2,2,2,1956,1,17030,YES,NO,LOW,NO
135000,1450,3,1,2,1955,1,15868,YES,NO,LOW,NO
190000,1592,3,2,2,1959,1,22748,YES,NO,LOW,NO
153800,1654,2,1,2,1962,1,25874,NO,NO,LOW,NO
144900,1388,2,1,2,1950,1,10568,YES,NO,LOW,NO
165000,1670,3,2,2,1953,1,18525,NO,NO,LOW,NO
186000,1953,3,2,1,1956,1,17129,YES,NO,LOW,NO
167000,2008,3,1,2,1963,1,21860,YES,NO,LOW,NO
189600,1650,3,2,2,1960,1,34724,YES,NO,LOW,NO
170000,1578,3,1,2,1975,1,22485,YES,NO,LOW,NO
189500,1618,3,2,2,1962,1,27539,YES,NO,LOW,NO
153500,1642,3,1,2,1959,1,14901,NO,NO,LOW,NO
159900,2008,1,2,2,1941,1,31657,YES,NO,LOW,NO
158000,1604,3,2,1,1960,1,23534,YES,NO,LOW,NO
175000,2035,4,2,3,1962,7,20131,YES,NO,LOW,NO
147000,1534,3,2,1,1955,3,15361,NO,NO,LOW,NO
155000,1624,2,2,2,1955,1,16721,YES,NO,LOW,NO
150000,1700,4,2,1,1954,1,15391,YES,NO,LOW,NO
165000,1630,3,2,2,1978,2,24963,YES,NO,LOW,NO
147000,1526,3,2,1,1957,1,15007,YES,NO,LOW,NO
146250,1672,3,1,2,1949,1,22617,YES,NO,LOW,NO
177500,1588,4,2,2,1980,2,21925,YES,NO,LOW,NO
153650,1752,4,2,2,1950,6,9126,YES,NO,LOW,NO
199500,1674,4,2,2,1947,1,33237,NO,NO,LOW,NO
186000,1980,3,1,1,1927,6,47679,NO,NO,LOW,NO
139900,1396,1,1,2,1950,1,25879,NO,NO,LOW,NO
160000,1178,1,1,2,1959,1,9941,NO,NO,LOW,NO
125000,1263,2,2,0,1955,1,12357,NO,NO,LOW,NO
359900,2377,5,2,2,1937,6,51005,YES,NO,LOW,NO
184500,1304,3,1,2,1951,1,21305,YES,NO,LOW,NO
155000,1340,3,1,0,1952,1,5666,NO,NO,LOW,NO
150000,1559,2,1,2,1952,1,23999,NO,NO,LOW,NO
146000,1412,1,2,0,1920,1,4560,YES,NO,LOW,NO
129000,1198,2,2,2,1925,1,20918,YES,NO,LOW,NO
145000,1424,2,1,2,1947,1,16414,YES,NO,LOW,NO
200000,1370,4,1,1,1925,4,8000,NO,NO,LOW,NO
149900,1584,3,2,2,1957,1,13514,YES,NO,LOW,NO
132000,1567,2,1,1,1934,4,12249,YES,NO,LOW,NO
136900,1409,2,1,1,1951,1,28421,NO,NO,LOW,NO
137000,1655,2,1,1,1935,1,54651,NO,NO,LOW,NO
185000,1944,3,2,2,1939,6,17999,YES,NO,LOW,NO
133500,1922,3,1,2,1950,1,14805,NO,NO,LOW,NO
124000,1480,3,2,2,1953,1,28351,YES,NO,LOW,NO
95500,1184,2,1,1,1951,1,14786,NO,NO,LOW,NO
